"Player","Position"
"Aaron Connolly","FW"
"Aaron Cresswell","LB"
"Aaron Lennon","RM"
"Aaron Mooy","CM"
"Aaron Ramsdale","GK"
"Aaron Ramsey","CM"
"Aaron Rowe","RW"
"Aaron Wan-Bissaka","RB"
"Abdelhamid Sabiri","AM"
"Abdoulaye Doucouré","DM"
"Aboubakar Kamara","RW"
"Adam Armstrong","FW"
"Adam Forshaw","DM"
"Adam Idah","FW"
"Adam Lallana","DM"
"Adam Masina","LB"
"Adam Smith","RB"
"Adam Webster","CB"
"Adama Diakhaby","RW"
"Adama Traoré","RW"
"Ademola Lookman","LW"
"Adrián","GK"
"Adrian Mariappa","CB"
"Adrien Silva","CM"
"Ahmed Elmohamady","RB"
"Ahmed Hegazi","CB"
"Ainsley Maitland-Niles","RB"
"Akin Famewo","CM"
"Albert Sambi Lokonga","DM"
"Alberto Moreno","LB"
"Albian Ajeti","CM"
"Aleksandar Dragovic","CB"
"Aleksandar Mitrovic","FW"
"Alex Iwobi","LW"
"Alex Král","AM"
"Alex McCarthy","GK"
"Alex Oxlade-Chamberlain","CM"
"Alex Pritchard","AM"
"Alex Telles","LB"
"Alexander Sørloth","FW"
"Alexander Tettey","CM"
"Alexandre Jankewitz","DM"
"Alexandre Lacazette","FW"
"Alexis Mac Allister","AM"
"Alexis Sánchez","LW"
"Alfie Mawson","CB"
"Alireza Jahanbakhsh","RW"
"Alisson","GK"
"Allan","DM"
"Allan Nyom","RB"
"Allan Saint-Maximin","FW"
"Allan Tchaptchet","CB"
"Alphonse Areola","GK"
"Álvaro Fernández","GK"
"Álvaro Morata","FW"
"Amad Diallo","RW"
"Ander Herrera","CM"
"Andi Zeqiri","FW"
"Andre-Frank Zambo Anguissa","DM"
"André Ayew","FW"
"André Carrillo","RW"
"André Gomes","CM"
"Andre Gray","FW"
"André Schürrle","RW"
"Andreas Christensen","CB"
"Andreas Pereira","AM"
"Andrew Omobamidele","CB"
"Andrew Robertson","LB"
"Andrew Surman","CM"
"Andriy Yarmolenko","RM"
"Andros Townsend","RM"
"Andy Carroll","FW"
"Andy King","CM"
"Angel Gomes","AM"
"Àngel Rangel","RB"
"Angeliño","LB"
"Angelo Ogbonna","CB"
"Angus Gunn","GK"
"Anthony Elanga","FW"
"Anthony Gordon","LM"
"Anthony Knockaert","RM"
"Anthony Martial","FW"
"Antonee Robinson","LB"
"Antonio Barreca","LB"
"Antonio Rüdiger","CB"
"Antonio Valencia","RB"
"Antwoine Hackford","WB"
"Anwar El Ghazi","LW"
"Armando Broja","FW"
"Arnaut Groeneveld","LM"
"Aron Gunnarsson","DM"
"Arthur Masuaku","LB"
"Artur Boruc","GK"
"Ashley Barnes","FW"
"Ashley Fletcher","FW"
"Ashley Westwood","DM"
"Ashley Williams","CB"
"Ashley Young","LB"
"Asmir Begovic","GK"
"Axel Tuanzebe","CB"
"Aymeric Laporte","CB"
"Ayoze Pérez","AM"
"Badou Ndiaye","CM"
"Bailey Peacock-Farrell","GK"
"Bakary Sako","FW"
"Bali Mumba","LB"
"Ben Chilwell","LB"
"Ben Davies","LB"
"Ben Foster","GK"
"Ben Gibson","CB"
"Ben Godfrey","CB"
"Ben Hamer","GK"
"Ben Johnson","RB"
"Ben Mee","CB"
"Ben Osborn","CM"
"Ben Watson","DM"
"Ben White","CB"
"Ben Wilmot","CM"
"Ben Woodburn","RM"
"Beni Baningime","CM"
"Benik Afobe","FW"
"Benjamin Mendy","LB"
"Beram Kayal","CM"
"Bernard","LW"
"Bernardo","LB"
"Bernardo Silva","CM"
"Bernd Leno","GK"
"Bertrand Traoré","RW"
"Billy Gilmour","DM"
"Billy Sharp","FW"
"Björn Engels","CB"
"Boaz Myhill","GK"
"Bobby Reid","AM"
"Bojan Krkic","AM"
"Borja Bastón","DM"
"Boubakary Soumaré","DM"
"Brahim Díaz","LW"
"Brandon Pierrick","RB"
"Brandon Williams","LB"
"Branislav Ivanovic","CB"
"Bruno","RB"
"Bruno Ecuele Manga","RB"
"Bruno Fernandes","AM"
"Bruno Jordão","LW"
"Bruno Martins Indi","CB"
"Bryan","AM"
"Bryan Mbeumo","FW"
"Bukayo Saka","RW"
"Çaglar Söyüncü","CB"
"Caleb Watts","LM"
"Callum Hudson-Odoi","RW"
"Callum Paterson","FW"
"Callum Robinson","FW"
"Callum Slattery","CM"
"Callum Wilson","FW"
"Calum Chambers","CB"
"Cameron Archer","AM"
"Caoimhín Kelleher","GK"
"Carl Jenkinson","WB"
"Carlos Sánchez","CM"
"Carlos Vinícius","FW"
"Carney Chukwuemeka","CM"
"Cédric Soares","RB"
"Cengiz Ünder","AM"
"Cenk Tosun","FW"
"César Azpilicueta","RB"
"Cesc Fàbregas","CM"
"Chancel Mbemba","LB"
"Charlie Adam","DM"
"Charlie Austin","FW"
"Charlie Cresswell","CB"
"Charlie Daniels","LB"
"Charlie Goode","CB"
"Charlie Taylor","LB"
"Charly Musonda Jr.","RW"
"Che Adams","FW"
"Cheikhou Kouyaté","CM"
"Chris Basham","CB"
"Chris Brunt","CM"
"Chris Löwe","LB"
"Chris Mepham","CB"
"Chris Smalling","CB"
"Chris Wood","FW"
"Christian Atsu","LW"
"Christian Benteke","FW"
"Christian Eriksen","AM"
"Christian Fuchs","LB"
"Christian Kabasele","CB"
"Christian Nørgaard","DM"
"Christian Pulisic","LW"
"Christoph Zimmermann","CB"
"Christopher Schindler","CB"
"Christos Tzolis","LW"
"Ciaran Clark","CB"
"Claudio Bravo","GK"
"Claudio Yacob","DM"
"Cody Drameh","RB"
"Cole Palmer","FW"
"Collin Quaner","RW"
"Connor Goldson","CB"
"Connor Roberts","RM"
"Connor Wickham","FW"
"Conor Coady","CB"
"Conor Gallagher","CM"
"Conor Hourihane","CM"
"Conor Townsend","LB"
"Craig Cathcart","CB"
"Craig Dawson","CB"
"Cristian Romero","CB"
"Cristiano Ronaldo","FW"
"Crysencio Summerville","LW"
"Cucho","LM"
"Cuco Martina","LB"
"Curtis Jones","CM"
"Cyrus Christie","RB"
"Dale Stephens","DM"
"Daley Blind","LB"
"Damien Delaney","CB"
"Dan Burn","LB"
"Dan Gosling","CM"
"Dan Nlundulu","FW"
"Dane Scarlett","LW"
"Dani Ceballos","DM"
"Daniel Amartey","CB"
"Daniel Bachmann","GK"
"Daniel James","RW"
"Daniel Jebbison","FW"
"Daniel Podence","AM"
"Daniel Sturridge","FW"
"Danilo","RB"
"Danny Drinkwater","DM"
"Danny Ings","FW"
"Danny Rose","LB"
"Danny Simpson","RB"
"Danny Ward","FW"
"Danny Welbeck","FW"
"Danny Williams","DM"
"Dara O'Shea","CB"
"Darnell Furlong","RB"
"Darren Fletcher","DM"
"Darren Randolph","GK"
"Daryl Janmaat","RB"
"David Brooks","RM"
"David Button","GK"
"David de Gea","GK"
"David Luiz","CB"
"David Martin","GK"
"David McGoldrick","FW"
"David Ospina","GK"
"David Raya","GK"
"David Silva","CM"
"Davide Zappacosta","WB"
"Davinson Sánchez","CB"
"Davy Klaassen","AM"
"Davy Pröpper","CM"
"Dean Henderson","GK"
"Dean Whitehead","DM"
"DeAndre Yedlin","RB"
"Declan Rice","DM"
"Dejan Lovren","CB"
"Dele Alli","AM"
"Demarai Gray","LM"
"Demeaco Duhaney","RB"
"Denis Odoi","CB"
"Denis Suárez","RW"
"Dennis Praet","CM"
"Dennis Srbeny","AM"
"Diafra Sakho","FW"
"Diego Llorente","CB"
"Diego Rico","LB"
"Dimitri Foulquier","RM"
"Dimitris Giannoulis","LB"
"Diogo Dalot","RB"
"Diogo Jota","FW"
"Divock Origi","FW"
"Djibril Sidibé","RB"
"Dodi Lukebakio","AM"
"Domingos Quina","DM"
"Dominic Calvert-Lewin","FW"
"Dominic Solanke","FW"
"Dominic Thompson","WB"
"Donny van de Beek","CM"
"Douglas Luiz","DM"
"Dušan Tadic","AM"
"Dwight Gayle","FW"
"Dwight McNeil","LM"
"Eberechi Eze","LM"
"Eddie Nketiah","FW"
"Eden Hazard","LW"
"Ederson","GK"
"Edimilson Fernandes","RW"
"Edinson Cavani","FW"
"Edouard Mendy","GK"
"Eldin Jakupovic","GK"
"Eliaquim Mangala","CB"
"Elias Kachunga","RW"
"Elliot Anderson","LM"
"Ellis Simms","FW"
"Emerson","RB"
"Emerson Hyndman","DM"
"Emerson Palmieri","LB"
"Emi Buendía","RW"
"Emil Krafth","RB"
"Emile Smith-Rowe","AM"
"Emiliano Martínez","GK"
"Emmanuel Dennis","FW"
"Emre Can","CM"
"Enda Stevens","WB"
"Enoch Mwepu","CM"
"Enock Mwepu","CM"
"Eric Bailly","CB"
"Eric Dier","CB"
"Eric García","CB"
"Eric Maxim Choupo-Moting","LW"
"Erik Durm","LB"
"Érik Lamela","RW"
"Erik Pieters","LB"
"Ethan Ampadu","CB"
"Ethan Pinnock","CB"
"Étienne Capoue","DM"
"Ezequiel Schelotto","RB"
"Ezgjan Alioski","LB"
"Ezri Konsa","CB"
"Fabián Balbuena","CB"
"Fabian Delph","LB"
"Fabian Schär","CB"
"Fabinho","DM"
"Fabio Carvalho","AM"
"Fábio Silva","FW"
"Fabricio","GK"
"Faustino Anjorin","LW"
"Federico Fernández","CB"
"Felipe Anderson","LM"
"Femi Seriki","WB"
"Fernandinho","DM"
"Fernando Llorente","FW"
"Fernando Marçal","WB"
"Ferrán Torres","RW"
"Fikayo Tomori","CB"
"Filip Krovinovic","CM"
"Florent Hadergjonaj","RB"
"Florian Lejeune","CB"
"Florin Andone","FW"
"Floyd Ayité","RW"
"Folarin Balogun","FW"
"Fousseni Diabaté","AM"
"Francis Coquelin","CB"
"Francisco Sierralta","CB"
"Francisco Trincão","RW"
"Frank Onyeka","CM"
"Fraser Forster","GK"
"Fred","DM"
"Freddie Ladapo","FW"
"Freddie Woodman","GK"
"Frederic Guilbert","RB"
"Gabriel Dos Santos","CB"
"Gabriel Jesus","FW"
"Gaëtan Bong","LB"
"Gaetano Berardi","CB"
"Gareth Bale","RW"
"Gareth Barry","DM"
"Gareth McAuley","CB"
"Gary Cahill","CB"
"Gary Madine","FW"
"Gedson Fernandes","AM"
"Geoff Cameron","CB"
"George Baldock","WB"
"George Hirst","LW"
"Georges-Kévin N'Koudou","LM"
"Georginio Wijnaldum","CM"
"Gerard Deulofeu","FW"
"Giovani Lo Celso","CM"
"Glen Johnson","RB"
"Glenn Murray","FW"
"Gonzalo Higuaín","FW"
"Grady Diangana","LM"
"Granit Xhaka","DM"
"Grant Hanley","CB"
"Greg Cunningham","LB"
"Grzegorz Krychowiak","CM"
"Guido Carrillo","FW"
"Gylfi Sigurðsson","AM"
"Hakim Ziyech","RW"
"Hal Robson-Kanu","FW"
"Hamza Choudhury","CM"
"Hannibal Mejbri","AM"
"Harrison Ashby","RB"
"Harrison Reed","DM"
"Harry Arter","CM"
"Harry Kane","FW"
"Harry Maguire","CB"
"Harry Wilson","RM"
"Harry Winks","DM"
"Harvey Barnes","LW"
"Harvey Elliot","CM"
"Håvard Nordtveit","CB"
"Héctor Bellerín","RB"
"Hélder Costa","RM"
"Henri Lansbury","CM"
"Henri Saivet","CM"
"Henrikh Mkhitaryan","RW"
"Heurelho Gomes","GK"
"Hugo Lloris","GK"
"Hwang Hee-chan","LW"
"Ian Carlo Poveda","RM"
"Ibrahim Afellay","AM"
"Ibrahim Amadou","CB"
"Ibrahima Cissé","CM"
"Ibrahima Diallo","DM"
"Ibrahima Konaté","CB"
"Idrissa Gana Gueye","CM"
"Ignacio Pussetto","RW"
"Iliman Ndiaye","DM"
"Ilkay Gündogan","CM"
"Illan Meslier","GK"
"Imran Louza","DM"
"Indiana Vassilev","FW"
"Isaac Hayden","CM"
"Isaac Mbenza","LW"
"Isaac Success","FW"
"Islam Slimani","FW"
"Ismaila Sarr","RW"
"Issa Diop","CB"
"Ivan Cavaleiro","FW"
"Ivan Toney","FW"
"Izzy Brown","LM"
"Jack Butland","GK"
"Jack Cork","DM"
"Jack Grealish","LW"
"Jack Harrison","LM"
"Jack O'Connell","CB"
"Jack Robinson","CB"
"Jack Rodwell","DM"
"Jack Simpson","CB"
"Jack Stacey","RB"
"Jack Stephens","CB"
"Jack Wilshere","CM"
"Jacob Murphy","WB"
"Jacob Ramsey","CM"
"Jaden Philogene Bidace","RW"
"Jadon Sancho","LW"
"Jaïro Riedewald","CM"
"Jake Livermore","CM"
"Jake Vokins","LB"
"Jakob Sørensen","CB"
"Jakub Moder","WB"
"Jamaal Lascelles","CB"
"Jamal Lewis","LB"
"James Collins","CB"
"James Garner","CM"
"James Justin","WB"
"James Maddison","AM"
"James McArthur","CM"
"James Mcatee","FW"
"James McCarthy","CM"
"James McClean","LM"
"James Milner","CM"
"James Morrison","AM"
"James Rodríguez","RW"
"James Tarkowski","CB"
"James Tomkins","CB"
"James Ward-Prowse","DM"
"Jamie Murphy","LM"
"Jamie Shackleton","RB"
"Jamie Vardy","FW"
"Jan Bednarek","CB"
"Jan Vertonghen","CB"
"Jannik Vestergaard","CB"
"Japhet Tanganga","RB"
"Jarrad Branthwaite","CB"
"Jarrod Bowen","RW"
"Jason Puncheon","CM"
"Jason Steele","GK"
"Javier Hernández","FW"
"Javier Manquillo","RB"
"Jay Fulton","DM"
"Jay Rodriguez","FW"
"Jayden Bogle","WB"
"Jayson Molumby","DM"
"Jazz Richards","RB"
"Jean-Philippe Gbamin","CM"
"Jean-Philippe Mateta","FW"
"Jean Seri","CM"
"Jed Steer","GK"
"Jeff Hendrick","RM"
"Jefferson Lerma","CM"
"Jeffrey Schlupp","LM"
"Jeremie Boga","AM"
"Jeremy Ngakia","RB"
"Jérémy Pied","RB"
"Jeremy Sarmiento","RW"
"Jermain Defoe","FW"
"Jerome Sinclair","AM"
"Jesé","FW"
"Jesse Lingard","AM"
"Jesuran Rak Sakyi","DM"
"Jesús Gámez","LB"
"Jesús Vallejo","CB"
"Jetro Willems","WB"
"Jimmy Dunne","CB"
"Joachim Andersen","CB"
"João Cancelo","RB"
"João Mário","AM"
"João Moutinho","DM"
"João Pedro","AM"
"João Virgínia","GK"
"Joe Allen","CM"
"Joe Bennett","LB"
"Joe Bryan","LB"
"Joe Gelhardt","FW"
"Joe Gomez","CB"
"Joe Hart","GK"
"Joe Lolley","AM"
"Joe Ralls","CM"
"Joe Rodon","CB"
"Joe Willock","CM"
"Joel Coleman","GK"
"Joël Matip","CB"
"Joel Mumbongo","FW"
"Joël Veltman","CB"
"Joel Ward","RB"
"Joelinton","FW"
"Jóhann Berg Guðmundsson","RM"
"John Egan","CB"
"John Fleck","CM"
"John Lundstram","CM"
"John McGinn","CM"
"John Ruddy","GK"
"John Stones","CB"
"Jon Gorenc Stankovic","DM"
"Jon Rowe","LW"
"Jonas Lössl","GK"
"Jonathan Hogg","DM"
"Jonathan Kodjia","FW"
"Jonathan Walters","FW"
"Jonjo Shelvey","DM"
"Jonjoe Kenny","RB"
"Jonny Castro","WB"
"Jonny Evans","CB"
"Jordan Ayew","FW"
"Jordan Henderson","DM"
"Jordan Hugill","FW"
"Jordan Pickford","GK"
"Jordan Thomas","RW"
"Jordon Ibe","RM"
"Jorginho","DM"
"José Fonte","CB"
"José Holebas","LB"
"José Izquierdo","LM"
"José Sá","GK"
"Joselu","FW"
"Josh Benson","RM"
"Josh Brownhill","DM"
"Josh Cullen","LW"
"Josh Maja","FW"
"Josh Martin","LW"
"Josh Murphy","LM"
"Josh Onomah","AM"
"Josh Sargent","FW"
"Josh Sims","RW"
"Josh Tymon","LB"
"Joshua King","FW"
"Josip Drmic","FW"
"Jota","RW"
"Juan Foyth","CB"
"Juan Mata","RW"
"Julián Speroni","GK"
"Julien Ngoy","LW"
"Juninho Bacuna","CM"
"Junior Firpo","LB"
"Junior Hoilett","LW"
"Junior Stanislas","LM"
"Juraj Kucka","DM"
"Jürgen Locadia","LW"
"Kadeem Harris","RM"
"Kai Havertz","FW"
"Kalvin Phillips","DM"
"Kamil Grosicki","LW"
"Karl Darlow","GK"
"Karlan Grant","FW"
"Kasey McAteer","RW"
"Kasey Palmer","AM"
"Kasper Schmeichel","GK"
"Kayne Ramsey","RB"
"Kean Bryan","CB"
"Keinan Davis","FW"
"Kelechi Iheanacho","FW"
"Kelland Watts","CB"
"Ken Sema","RW"
"Kenedy","LM"
"Kenneth Zohore","FW"
"Kenny McLean","CM"
"Kenny Tete","RB"
"Kepa Arrizabalaga","GK"
"Kevin Danso","LB"
"Kevin De Bruyne","CM"
"Kevin Long","CB"
"Kevin McDonald","DM"
"Kevin Mirallas","FW"
"Kevin Wimmer","CB"
"Khanya Leshabela","AM"
"Ki-Jana Hoever","WB"
"Ki Sung-yueng","CM"
"Kieran Dowell","RW"
"Kieran Gibbs","LB"
"Kieran Tierney","LB"
"Kieran Trippier","RB"
"Kiernan Dewsbury Hall","DM"
"Kieron Freeman","FW"
"Kiko Casilla","GK"
"Kiko Femenía","RB"
"Konstantinos Mavropanos","CB"
"Kortney Hause","CB"
"Kostas Stafylidis","LB"
"Kostas Tsimikas","LB"
"Kristoffer Ajer","CB"
"Kurt Zouma","CB"
"Kyle Bartley","CB"
"Kyle Edwards","LM"
"Kyle Naughton","RB"
"Kyle Walker","RB"
"Kyle Walker-Peters","RB"
"Lasse Sørensen","CM"
"Laurent Depoitre","FW"
"Laurent Koscielny","CB"
"Lazar Markovic","LW"
"Leander Dendoncker","CM"
"Leandro Bacuna","CM"
"Leandro Trossard","FW"
"Lee Chung-yong","LW"
"Lee Grant","GK"
"Lee Peltier","RB"
"Leif Davis","CB"
"Leighton Baines","LB"
"Léo Bonatini","LW"
"Leon Bailey","RW"
"Leon Balogun","CB"
"Leon Britton","DM"
"Leon Clarke","FW"
"Leonardo Ulloa","FW"
"Leroy Fer","CM"
"Leroy Sané","LW"
"Levi Lumeka","LW"
"Lewis Cook","CM"
"Lewis Dobbin","FW"
"Lewis Dunk","CB"
"Lewis Richardson","FW"
"Liam Cooper","CB"
"Liam Delap","FW"
"Liam McCarron","LW"
"Liam Rosenior","RB"
"Lloyd Kelly","CB"
"Loïc Damour","CM"
"Loris Karius","GK"
"Lucas Digne","LB"
"Lucas Moura","RW"
"Lucas Pérez","FW"
"Lucas Torreira","DM"
"Luciano Narsingh","RW"
"Luciano Vietto","AM"
"Luka Milivojevic","DM"
"Lukas Nmecha","FW"
"Lukas Rupp","CM"
"Lukasz Fabianski","GK"
"Luke Amos","CM"
"Luke Ayling","RB"
"Luke Dreher","RM"
"Luke Freeman","CM"
"Luke Shaw","LB"
"Luke Thomas","LB"
"Lyanco","CB"
"Lys Mousset","FW"
"Mads Bech Sørensen","CB"
"Mads Bidstrup","CM"
"Mads Roerslev","WB"
"Malang Sarr","CB"
"Mamadou Sakho","CB"
"Mame Biram Diouf","FW"
"Manolo Gabbiadini","FW"
"Manuel Lanzini","AM"
"Marc Albrighton","RM"
"Marc Cucurella","LB"
"Marc Guéhi","CB"
"Marc Navarro","RB"
"Marc Pugh","LM"
"Marco Stiepermann","AM"
"Marcos Alonso","WB"
"Marcos Rojo","CB"
"Marcus Bettinelli","GK"
"Marcus Forss","FW"
"Marcus Rashford","LW"
"Marek Rodák","GK"
"Mario Lemina","DM"
"Mario Vrancic","DM"
"Mark Noble","CM"
"Mark Travers","GK"
"Marko Arnautovic","FW"
"Marko Grujic","CM"
"Markus Suttner","LB"
"Marouane Fellaini","CM"
"Martin Cranie","CB"
"Martin Dúbravka","GK"
"Martin Kelly","CB"
"Martín Montoya","RB"
"Martin Ødegaard","AM"
"Martin Olsson","LB"
"Martinelli","LW"
"Marvelous Nakamba","DM"
"Marvin Zeegelaar","LB"
"Mason Greenwood","RW"
"Mason Holgate","CB"
"Mason Mount","AM"
"Massadio Haïdara","LW"
"Matej Vydra","FW"
"Mateo Kovacic","CM"
"Mateusz Klich","CM"
"Matheus Pereira","AM"
"Mathew Ryan","GK"
"Mathias Jensen","CM"
"Mathias Jørgensen","CB"
"Mathias Normann","DM"
"Matt Doherty","WB"
"Matt Phillips","RM"
"Matt Ritchie","WB"
"Matt Targett","LB"
"Matteo Darmian","RB"
"Mattéo Guendouzi","CM"
"Matthew Longstaff","DM"
"Matthew Lowton","RB"
"Matty Cash","RB"
"Matty Daly","DM"
"Matty James","CM"
"Max Aarons","RB"
"Max Kilman","CB"
"Max Lowe","WB"
"Max Meyer","LM"
"Max Thompson","FW"
"Maxime Le Marchand","CB"
"Maxwel Cornet","FW"
"Maya Yoshida","CB"
"Mbaye Diagne","FW"
"Mbwana Samatta","FW"
"Mesut Özil","AM"
"Michael Carrick","DM"
"Michael Hector","CB"
"Michael Hefele","CB"
"Michael Keane","CB"
"Michael McGovern","GK"
"Michael Obafemi","FW"
"Michael Olise","RW"
"Michail Antonio","FW"
"Michel Vorm","GK"
"Michy Batshuayi","FW"
"Miguel Almirón","CM"
"Miguel Britos","CB"
"Mike van der Hoorn","CB"
"Mikel Merino","DM"
"Milot Rashica","LW"
"Mohamed Diamé","CM"
"Mohamed Elneny","DM"
"Mohamed Elyounoussi","RM"
"Mohamed Salah","RW"
"Mohammed Salisu","CB"
"Moise Kean","FW"
"Molla Wagué","CB"
"Morgan Gibbs-White","CM"
"Morgan Sanson","CM"
"Morgan Schneiderlin","DM"
"Moritz Bauer","RB"
"Moritz Leitner","CM"
"Mousa Dembélé","CM"
"Moussa Djenepo","LM"
"Moussa Sissoko","DM"
"Muhamed Bešic","CM"
"N'Golo Kanté","CM"
"Nabil Bentaleb","DM"
"Naby Keïta","CM"
"Nacer Chadli","LW"
"Nacho Monreal","LB"
"Nahki Wells","FW"
"Nampalys Mendy","DM"
"Nathan Aké","CB"
"Nathan Broadhead","DM"
"Nathan Collins","CB"
"Nathan Dyer","RM"
"Nathan Ferguson","LB"
"Nathan Holland","LM"
"Nathan Redmond","LM"
"Nathan Tella","FW"
"Nathaniel Chalobah","DM"
"Nathaniel Clyne","RB"
"Nathaniel Mendez-Laing","RM"
"Nathaniel Phillips","CB"
"Neal Maupay","FW"
"Neco Williams","RB"
"Neeskens Kebano","RW"
"Neil Etheridge","GK"
"Neil Taylor","LB"
"Nélson Semedo","WB"
"Nemanja Matic","DM"
"Niall Huggins","RB"
"Nick Pope","GK"
"Nicolas Nkoulou","CB"
"Nicolás Otamendi","CB"
"Nicolas Pépé","RW"
"Niels Nkounkou","LB"
"Nikola Vlašic","RW"
"Nordin Amrabat","RW"
"Nuno Tavares","LB"
"Odion Ighalo","FW"
"Odsonne Édouard","LW"
"Oghenekaro Etebo","DM"
"Okay Yokuslu","DM"
"Ola Aina","RB"
"Oleksandr Zinchenko","LB"
"Oliver Burke","FW"
"Oliver McBurnie","FW"
"Oliver Norwood","DM"
"Oliver Skipp","DM"
"Olivier Giroud","FW"
"Ollie Watkins","FW"
"Ondrej Duda","AM"
"Onel Hernández","LW"
"Orestis Karnezis","GK"
"Oriol Romeu","DM"
"Ørjan Nyland","GK"
"Oskar Buur","WB"
"Oumar Niasse","FW"
"Owen Otasowie","RW"
"Ozan Kabak","CB"
"Ozan Tufan","CM"
"Pablo Fornals","AM"
"Pablo Hernández","CM"
"Pablo Marí","CB"
"Pablo Zabaleta","RB"
"Pape Souaré","LB"
"Pascal Groß","CM"
"Pascal Struijk","CB"
"Patrice Evra","WB"
"Patrick Bamford","FW"
"Patrick Cutrone","FW"
"Patrick Roberts","AM"
"Patrick van Aanholt","LB"
"Patson Daka","FW"
"Paul Dummett","CB"
"Paul Pogba","CM"
"Paulo Gazzaniga","GK"
"Pedro","RW"
"Pedro Neto","LW"
"Pedro Obiang","CM"
"Pepe Reina","GK"
"Per Mertesacker","CB"
"Percy Tau","RW"
"Peter Crouch","FW"
"Petr Cech","GK"
"Phil Bardsley","RB"
"Phil Foden","LW"
"Phil Jagielka","CB"
"Phil Jones","CB"
"Philip Billing","CM"
"Philippe Coutinho","CM"
"Pierre-Emerick Aubameyang","FW"
"Pierre Højbjerg","DM"
"Pierre Lees-Melou","CM"
"Pontus Jansson","CB"
"Przemyslaw Placheta","RW"
"Rachid Ghezzal","RW"
"Rafael Camacho","RB"
"Ragnar Klavan","CB"
"Raheem Sterling","LW"
"Rajiv van La Parra","LW"
"Ralf Fährmann","GK"
"Ramadan Sobhi","LM"
"Ramiro Funes Mori","CB"
"Raphael Dias Belloli","RM"
"Raphaël Varane","CB"
"Raúl Jiménez","FW"
"Ravel Morrison","CM"
"Rayan Aït Nouri","WB"
"Reda Khadra","RW"
"Reece James","WB"
"Reece Oxford","AM"
"Reiss Nelson","RW"
"Rekeem Harper","CM"
"Renato Sanches","CM"
"Rhian Brewster","FW"
"Rhys Healey","AM"
"Rhys Williams","CB"
"Ricardo Pereira","RB"
"Richairo Živkovic","FW"
"Richarlison","FW"
"Rico Henry","WB"
"Riyad Mahrez","RW"
"Rob Elliot","GK"
"Rob Holding","CB"
"Robbie Brady","LM"
"Robert Sánchez","GK"
"Robert Snodgrass","RM"
"Roberto","GK"
"Roberto Firmino","FW"
"Roberto Pereyra","LW"
"Robin Koch","CB"
"Robin Olsen","GK"
"Rodri","DM"
"Rodrigo","CM"
"Rolando Aarons","RW"
"Romain Perraud","LB"
"Romain Saïss","CB"
"Romaine Sawyers","DM"
"Romelu Lukaku","FW"
"Roque Mesa","DM"
"Ross Barkley","CM"
"Rúben Dias","CB"
"Ruben Loftus-Cheek","CM"
"Rúben Neves","DM"
"Rúben Vinagre","WB"
"Rui Patrício","GK"
"Rúnar Alex Rúnarsson","GK"
"Ryan Babel","LW"
"Ryan Bennett","CB"
"Ryan Bertrand","LB"
"Ryan Fraser","LM"
"Ryan Fredericks","RB"
"Ryan Sessegnon","LW"
"Ryan Shawcross","CB"
"Sadio Mané","LW"
"Saïd Benrahma","LW"
"Saido Berahino","FW"
"Salomón Rondón","FW"
"Sam Baldock","FW"
"Sam Byram","LB"
"Sam Clucas","CM"
"Sam Field","CM"
"Sam Gallagher","FW"
"Sam Greenwood","DM"
"Sam Johnstone","GK"
"Sam McQueen","LB"
"Sam Surridge","FW"
"Sam Vokes","FW"
"Saman Ghoddos","CM"
"Samir Nasri","AM"
"Sander Berge","CM"
"Sandro Ramírez","FW"
"Saúl Ñíguez","DM"
"Scott Arfield","LW"
"Scott Carson","GK"
"Scott Dann","CB"
"Scott Malone","LB"
"Scott McTominay","DM"
"Sead Kolašinac","LB"
"Séamus Coleman","RB"
"Sean Longstaff","CM"
"Sean Morrison","CB"
"Sebastian Prödl","CB"
"Sébastien Haller","FW"
"Semi Ajayi","CB"
"Serge Aurier","RB"
"Sergi Canós","WB"
"Sergio Agüero","FW"
"Sergio Reguilón","LB"
"Sergio Rico","GK"
"Sergio Romero","GK"
"Shandon Baptiste","CM"
"Shane Duffy","CB"
"Shane Long","FW"
"Shinji Okazaki","AM"
"Shkodran Mustafi","CB"
"Shola Shoretire","RW"
"Sidnei Tavares","CM"
"Simon Francis","CB"
"Simon Mignolet","GK"
"Simon Moore","GK"
"Sofiane Boufal","LW"
"Sokratis Papastathopoulos","CB"
"Sol Bamba","CB"
"Solly March","WB"
"Son Heung-min","LW"
"Stefan Johansen","CM"
"Stefano Okaka","FW"
"Stephan Lichtsteiner","RB"
"Stephen Ireland","AM"
"Stephen Ward","LB"
"Steve Cook","CB"
"Steve Mounié","FW"
"Steven Alzate","DM"
"Steven Bergwijn","LW"
"Steven Davis","CM"
"Steven Defour","CM"
"Stuart Armstrong","RM"
"Stuart Dallas","CM"
"Stuart McKinstry","RM"
"Sullay Kaikai","LM"
"Tahith Chong","FW"
"Takehiro Tomiyasu","RB"
"Takumi Minamino","LM"
"Tammy Abraham","FW"
"Tanguy Ndombele","CM"
"Tariq Lamptey","WB"
"Taylor Richards","CM"
"Teemu Pukki","FW"
"Terence Kongolo","CB"
"Theo Corbeanu","FW"
"Theo Walcott","RW"
"Thiago Alcántara","CM"
"Thiago Silva","CB"
"Thibaut Courtois","GK"
"Thomas Doyle","CM"
"Thomas Partey","DM"
"Tiemoué Bakayoko","CM"
"Tim Krul","GK"
"Tim Ream","CB"
"Timm Klose","CB"
"Timo Werner","FW"
"Timothy Castagne","RB"
"Timothy Fosu-Mensah","RB"
"Toby Alderweireld","CB"
"Todd Cantwell","LW"
"Tom Cairney","AM"
"Tom Carroll","CM"
"Tom Cleverley","CM"
"Tom Davies","CM"
"Tom Edwards","RB"
"Tom Heaton","GK"
"Tom Ince","AM"
"Tom Trybull","DM"
"Tomáš Soucek","DM"
"Tomer Hemed","FW"
"Tommy Smith","RB"
"Tosin Adarabioyo","CB"
"Trent Alexander-Arnold","RB"
"Trevoh Chalobah","CB"
"Trézéguet","RW"
"Troy Deeney","FW"
"Troy Parrott","AM"
"Tyler Morton","DM"
"Tyler Onyango","DM"
"Tyler Roberts","CM"
"Tyreke Johnson","LW"
"Tyrese Campbell","FW"
"Tyrese Francois","WB"
"Tyrick Mitchell","LB"
"Tyrone Mings","CB"
"Uwe Hünemeier","CB"
"Valentino Lazaro","WB"
"Valentino Livramento","RB"
"Vicente Guaita","GK"
"Vicente Iborra","CM"
"Víctor Camarasa","CM"
"Victor Lindelöf","CB"
"Victor Moses","WB"
"Victor Wanyama","DM"
"Vincent Janssen","FW"
"Vincent Kompany","CB"
"Virgil van Dijk","CB"
"Vitaly Janelt","CM"
"Vitinha","AM"
"Vladimír Coufal","RB"
"Wayne Hennessey","GK"
"Wayne Rooney","AM"
"Wayne Routledge","RM"
"Wes Morgan","CB"
"Wesley Fofana","CB"
"Wesley Hoedt","CB"
"Wesley Moraes","FW"
"Wilfred Ndidi","DM"
"Wilfried Bony","FW"
"Wilfried Zaha","FW"
"Will Hughes","CM"
"Will Norris","GK"
"William Smallbone","RM"
"William Thomas Fish","CB"
"William Troost-Ekong","CB"
"Willian","RW"
"Willian José","FW"
"Willy Boly","CB"
"Willy Caballero","GK"
"Winston Reid","CB"
"Xande Silva","FW"
"Xherdan Shaqiri","RW"
"Yan Valery","WB"
"Yannick Bolasie","LW"
"Yaya Touré","DM"
"Yerry Mina","CB"
"Yoane Wissa","FW"
"Yohan Benalouane","RB"
"Yohan Cabaye","CM"
"Yoshinori Muto","FW"
"Younès Kaboul","CB"
"Youri Tielemans","CM"
"Yves Bissouma","DM"
"Zack Steffen","GK"
"Zlatan Ibrahimovic","AM"
